"","logFC","AveExpr","t","P.Value","adj.P.Val"
"pmap37",-2.20154891553149,4.16429582656718,-5.31603695820002,1.59700333634379e-07,0.00118881459088337
"c4bpa",-1.77354841235276,0.431794892057998,-5.17671421892074,3.06868400351119e-07,0.00118881459088337
"crispld2",-1.74865388844783,5.39446852322281,-5.15548901796371,3.38626616230474e-07,0.00118881459088337
"clu",-2.10096494050112,4.52490095467005,-4.97297491613038,7.80834584936818e-07,0.00197379366380329
"rab20",-1.56802775765015,5.32029304584775,-4.76422550596353,1.97918947115682e-06,0.00416916262099185
"prom1",-1.78706115745411,-1.09834235621437,-4.59011118729133,4.20825890351253e-06,0.00696625530039312
"drd2",-1.89335393647605,1.73934720083159,-4.23110896522222,1.87048152931687e-05,0.0262677956100399
