"","logFC","AveExpr","t","P.Value","adj.P.Val"
"gzmh",-2.58060586568643,4.72243046858636,-5.47046575318664,7.11528325970256e-08,0.000899300651193806
"ighg1",-2.24829023964811,9.2270230526203,-4.64697200460777,3.16711776536145e-06,0.0133430671454678
"mmp28",-2.3976250556979,0.391587951540638,-4.53069117445731,5.22438199317809e-06,0.0145002353519605
"msc",-2.18756966393062,1.19412766814014,-4.50873474901842,5.73630641346644e-06,0.0145002353519605
"fbxl16",-2.51324406537187,-1.5108974384151,-4.36993004541257,1.027912694167e-05,0.0185596979165383
"il25",-2.07744837340663,-1.99980459682382,-4.01368998736378,4.31776254936002e-05,0.041978616047201
