"","logFC","AveExpr","t","P.Value","adj.P.Val"
"gzmh",-2.58060586568644,4.72243046858636,-5.47046575318665,7.11528325970209e-08,0.000899300651193747
"ighg1",-2.24829023964809,9.2270230526203,-4.64697200460769,3.16711776536252e-06,0.0133430671454723
"mmp28",-2.39762505569791,0.391587951540638,-4.53069117445732,5.22438199317788e-06,0.0145002353519605
"msc",-2.18756966393062,1.19412766814014,-4.50873474901841,5.73630641346646e-06,0.0145002353519605
"fbxl16",-2.51324406537187,-1.5108974384151,-4.36993004541256,1.02791269416703e-05,0.0185596979165388
"il25",-2.07744837340663,-1.99980459682382,-4.01368998736379,4.31776254935986e-05,0.0419786160471994
