"","logFC","AveExpr","t","P.Value","adj.P.Val"
"gzmh",-2.58670160311359,4.73620185379244,-5.42646026539023,8.75162241130953e-08,0.00110611755656541
"ighg1",-2.23456579436526,9.23226649259839,-4.5944069323682,3.9614490863906e-06,0.0125512336489869
"mmp28",-2.41326120234765,0.410848036590339,-4.5892505119128,4.05045839640762e-06,0.0125512336489869
"msc",-2.18248665009955,1.19649414621044,-4.5417972659335,4.96527955098777e-06,0.0125512336489869
"fbxl16",-2.52570265249224,-1.5001930795852,-4.40053327325428,9.02108353459862e-06,0.0162882106848274
"il25",-2.09694685616755,-1.98044911734413,-4.05831158692895,3.61689316257716e-05,0.0380949272348439
