"","logFC","AveExpr","t","P.Value","adj.P.Val"
"pmap37",-2.23717432681057,4.16429582656718,-5.96983441155671,6.02154460167896e-09,7.61063022206203e-05
"crispld2",-1.72092455523958,5.39446852322281,-5.3129261319763,1.55215150220372e-07,0.000532460057224342
"c4bpa",-1.75950597049097,0.431794892057998,-5.29562257141139,1.68513349861332e-07,0.000532460057224342
"rab20",-1.55272521378924,5.32029304584775,-4.97767666902366,7.38595906457908e-07,0.00155585227695358
"prom1",-1.79691360446922,-1.09834235621437,-4.94361644506257,8.62042830181567e-07,0.00155647990438069
"epx",-2.06994141069426,3.28120647195365,-4.85942581139568,1.25909892098682e-06,0.00190007608743168
"prg2",-2.10689214009945,3.94583582325268,-4.84332432666007,1.35300931931997e-06,0.00190007608743168
"clu",-2.00203485826855,4.52490095467005,-4.77982832974962,1.79385407350798e-06,0.00226725216350674
"crisp2",-1.94584942626189,-0.435925094554338,-4.03060981293086,4.07356648492618e-05,0.042904839002485
