"ID","Description","GeneRatio","BgRatio","RichFactor","FoldEnrichment","zScore","pvalue","p.adjust","qvalue","geneID","Count","Regulation"
"GO:0002250","adaptive immune response","14/82","389/11181",0.0359897172236504,4.90732961314189,6.74201607122765,7.68114320688565e-07,0.00373303559854643,0.00373303559854643,"IGLL5/IGLV1-40/IGLV2-11/TNFRSF17/JCHAIN/IGHV3-74/TNFRSF13B/TRGC1/IL25/IGHV3-23/IGLV3-1/IGLV3-21/IGHG1/IGHE",14,"Upregulated"
"GO:0006958","complement activation, classical pathway","4/62","22/11181",0.181818181818182,32.7888563049853,11.144420391307,5.81777933176459e-06,0.0282744075523759,0.0282744075523759,"C1QC/C2/C1QA/C1QB",4,"Downregulated"
"GO:0002455","humoral immune response mediated by circulating immunoglobulin","4/62","27/11181",0.148148148148148,26.7168458781362,9.99006112598877,1.36711480317483e-05,0.0332208897171484,0.0332208897171484,"C1QC/C2/C1QA/C1QB",4,"Downregulated"
"GO:0043010","camera-type eye development","7/82","112/11181",0.0625,8.52210365853659,6.87669929390285,1.71619442783283e-05,0.0417035245963377,0.0417035245963377,"SDK2/WT1/PROX1/CNGA3/HSF4/SSPN/THY1",7,"Upregulated"
