"ID","Description","GeneRatio","BgRatio","RichFactor","FoldEnrichment","zScore","pvalue","p.adjust","qvalue","geneID","Count","Regulation"
"GO:0002250","adaptive immune response","14/70","389/11181",0.0359897172236504,5.74858611825193,7.56626414625804,9.87469122035591e-08,0.000479909993309297,0.000479909993309297,"IGHV3-74/IGHG1/JCHAIN/TNFRSF13B/IGLL5/IL25/IGHE/TRGC1/IGHV3-23/IGLV2-11/TNFRSF17/IGLV1-40/IGLV3-1/IGLV3-21",14,"Upregulated"
"GO:0006958","complement activation, classical pathway","4/52","22/11181",0.181818181818182,39.0944055944056,12.2251558812694,2.86007140446357e-06,0.0138999470256929,0.0138999470256929,"C1QA/C1QB/C2/C1QC",4,"Downregulated"
"GO:0002455","humoral immune response mediated by circulating immunoglobulin","4/52","27/11181",0.148148148148148,31.8547008547009,10.9719142447167,6.74492337473254e-06,0.0163901638006001,0.0163901638006001,"C1QA/C1QB/C2/C1QC",4,"Downregulated"
"GO:0006956","complement activation","4/52","33/11181",0.121212121212121,26.0629370629371,9.85564282143096,1.54057885428695e-05,0.0249573774394486,0.0249573774394486,"C1QA/C1QB/C2/C1QC",4,"Downregulated"
"GO:0048010","vascular endothelial growth factor receptor signaling pathway","4/52","42/11181",0.0952380952380952,20.478021978022,8.64452027314299,4.08577884645461e-05,0.0496422129844235,0.0496422129844235,"DLL1/AXL/NRP1/VEGFC",4,"Downregulated"
