"","logFC","AveExpr","t","P.Value","adj.P.Val"
"il23r",1.91081209361796,-0.0449104833065205,4.54635229491279,4.8864152464583e-06,0.00411729348666576
"bach2",1.71113064663198,1.87469278193228,4.10417119100457,3.02458861369048e-05,0.0201198818360179
