"","logFC","AveExpr","t","P.Value","adj.P.Val"
"gzmh",1.94915007937749,4.72779461186275,5.28259765421461,1.81998719837071e-07,0.000460056364004147
"il23r",1.68589284949315,-0.0576997976409934,4.94967347875834,8.4893365459982e-07,0.00153281035149816
