"","logFC","AveExpr","t","P.Value","adj.P.Val"
"gzmh",2.008068723688,4.72243046858636,5.73309007676394,1.91956525448063e-08,8.83848848573993e-05
"il23r",1.72284966829439,-0.0449104833065205,5.33295195409039,1.36789676927256e-07,0.000288147454447264
"prmt8",1.49844587731937,2.18715894620353,4.25538502137207,1.63963427837979e-05,0.0172694480370352
