"","logFC","AveExpr","t","P.Value","adj.P.Val"
"pi15",3.00247146682937,-1.36901440709139,5.14273747679971,3.39209513282753e-07,0.00214363451919036
"epx",2.82152268479172,3.28245903078762,4.39607741954669,9.21887274602981e-06,0.0185596979165383
"slc18a2",2.00905961882601,2.85770378687381,4.29314400267512,1.41124249457806e-05,0.0222958673612152
"abcb11",2.91468895495737,-0.160656507507735,4.15063244748602,2.51357590307858e-05,0.0333496643557491
"alox15",2.40895459279515,6.98980269327635,4.13848043947286,2.6386315654521e-05,0.0333496643557491
"scin",2.10933507623921,0.750667596753387,4.10163072581885,3.05521488848098e-05,0.0351044190686464
"slc1a1",2.34719057537164,-2.75157139378278,4.07570101629347,3.38520873902019e-05,0.0356547110437301
