"","logFC","AveExpr","t","P.Value","adj.P.Val"
"il23r",1.9235389479735,-0.0543546087851043,4.62107448514014,3.53038333044279e-06,0.00318717963667617
"bach2",1.73406485981093,1.85503800078753,4.25629446202404,1.63617370923657e-05,0.0129247496944006
"fcrl1",1.56454205939904,3.99792473490802,3.94262580767626,5.67499294536949e-05,0.0298859315985521
