"","logFC","AveExpr","t","P.Value","adj.P.Val"
"gzmh",1.94906726106831,4.72779461186275,5.13272387213237,3.7623691459241e-07,0.00118881459088337
"il23r",1.68007491881854,-0.0576997976409934,4.5791835065685,4.40937118467797e-06,0.00696625530039312
