"","logFC","AveExpr","t","P.Value","adj.P.Val"
"pi15",2.97176515995536,-1.35906474523661,5.05703663149278,5.02214528011975e-07,0.00317374470977168
"epx",2.82397601774084,3.28381374834374,4.47307095248973,6.65039493231816e-06,0.0140090569249282
"slc18a2",2.00096445747209,2.85688172355415,4.26518545111812,1.57788117251898e-05,0.0249285501743342
"alox15",2.4517922974332,6.98257398234696,4.22502923725629,1.8579744038578e-05,0.0260921538781763
"abcb11",2.9236324181555,-0.169484962644823,4.16885324107259,2.33067982296708e-05,0.0294574622824809
"scin",2.12430655604937,0.736991672976613,4.13167478354315,2.7045624770452e-05,0.0310754228612494
"slc1a1",2.31400758450578,-2.74661838675883,3.97518390417444,5.0042118404592e-05,0.0486524872704337
