"","logFC","AveExpr","t","P.Value","adj.P.Val"
"gzmh",1.97830922194299,4.73620185379244,5.52001293795059,5.48997469027547e-08,0.000173469475275979
"il23r",1.73124881410314,-0.0543546087851043,5.39037966933096,1.03164652419176e-07,0.000260779608385194
"prmt8",1.49163504291901,2.18077484994063,4.19983086441985,2.04908238083814e-05,0.0184988230081523
