"","logFC","AveExpr","t","P.Value","adj.P.Val"
"gzmh",1.98345156435206,4.72779461186275,5.50670046250499,6.07130893854931e-08,0.000255784245581083
"il23r",1.72696088745165,-0.0576997976409934,5.24705030163459,2.10990327263456e-07,0.000444451124380469
"prmt8",1.47915970895366,2.19594525652103,4.10500039616467,3.03384424589676e-05,0.0308527779895176
