"","logFC","AveExpr","t","P.Value","adj.P.Val"
"il23r",1.91081209361796,-0.0449104833065205,4.5463522949128,4.88641524645822e-06,0.0041172934866657
"bach2",1.71113064663198,1.87469278193228,4.10417119100457,3.02458861369055e-05,0.0201198818360184
