"","logFC","AveExpr","t","P.Value","adj.P.Val"
"gzmh",2.03234412476904,4.72779461186275,5.7832959074263,1.55316283498593e-08,9.81521253569359e-05
"il23r",1.71910990663346,-0.0576997976409934,5.1173142472362,3.88956388695978e-07,0.000983203959345693
"prmt8",1.48694049184258,2.19594525652103,4.10975752961728,2.9834179489915e-05,0.0342794722339124
