"","logFC","AveExpr","t","P.Value","adj.P.Val"
"pi15",3.00247146682937,-1.36901440709139,5.14273747679971,3.39209513282756e-07,0.00214363451919037
"epx",2.82152268479172,3.28245903078762,4.39607741954669,9.21887274603003e-06,0.0185596979165388
"slc18a2",2.00905961882602,2.85770378687381,4.29314400267513,1.41124249457797e-05,0.0222958673612137
"abcb11",2.91468895495737,-0.160656507507735,4.15063244748602,2.5135759030786e-05,0.0333496643557435
"alox15",2.40895459279516,6.98980269327635,4.1384804394729,2.63863156545166e-05,0.0333496643557435
"scin",2.10933507623921,0.750667596753387,4.10163072581885,3.0552148884809e-05,0.0351044190686455
"slc1a1",2.34719057537164,-2.75157139378278,4.07570101629348,3.38520873902016e-05,0.0356547110437298
